Keyword;Наименование;Актуальная цена ;Цена указана за;Грамм (только для 'творог рассыпчатый'!!!)
творог рассыпчатый;Творог Простоквашино рассыпчатый 5% 320г;139,9;шт;320
творог рассыпчатый;Творог Простоквашино 9% 200г;130,9;шт;200
творог рассыпчатый;Творог Простоквашино 5% 200г;89,9;шт;200
творог рассыпчатый;Творог Простоквашино 2% 200г;109,9;шт;200
творог рассыпчатый;Творог Простоквашино 9% 320г;154,9;шт;320
творог рассыпчатый;Творог Простоквашино рассыпчатый 5% 650г;242,9;шт;650
творог рассыпчатый;Творог Савушкин Рассыпчатый 5% 350г;137,9;шт;350
творог рассыпчатый;Творог Савушкин Рассыпчатый 9% 350г;159,9;шт;350
творог рассыпчатый;Творог Коровка из Кореновки рассыпчатый 9% 200г;97,9;шт;200
творог рассыпчатый;Творог Экомилк рассыпчатый 5% 350г;89,9;шт;350
творог рассыпчатый;Творог Экомилк рассыпчатый 5% 180г;75,9;шт;180
творог рассыпчатый;Творог Савушкин Рассыпчатый Обезжиренный 0.1% 350г;159,9;шт;350
творог рассыпчатый;Творог Простоквашино обезжиренный 0.2% 200г;107,9;шт;200
творог рассыпчатый;Творог Коровка из Кореновки Обезжиренный рассыпчатый 0% 200г;80,9;шт;200
творог рассыпчатый;Творог Экомилк рассыпчатый 9% 180г;82,9;шт;180
творог рассыпчатый;Творог President рассыпчатый 0.2% 200г;104,9;шт;200
творог рассыпчатый;Творог Экомилк рассыпчатый обезжиренный 0% 350г;124,9;шт;350
творог рассыпчатый;Творог Коломенский рассыпчатый 5% 110г;102,9;шт;110
творог рассыпчатый;Творог Коломенский рассыпчатый 9% 110г;106,9;шт;110
творог рассыпчатый;Творог Коломенский рассыпчатый 2% 110г;94,9;шт;110
творог рассыпчатый;Творог Коломенский рассыпчатый груша 4% 150г;106,9;шт;150
творог рассыпчатый;Творог Коломенский рассыпчатый дыня 4% 150г;106,9;шт;150
творог рассыпчатый;Творог Коломенский рассыпчатый мандарин 4% 150г;106,9;шт;150
творог рассыпчатый;Творог Коломенский рассыпчатый манго 4% 150г;106,9;шт;150
творог рассыпчатый;Творог Му-у 9% 180г;75,9;шт;180
творог рассыпчатый;Творог Амка 5% 200г;76,9;шт;200
творог рассыпчатый;Творог Маруся 9% 200г;83,9;шт;200
творог рассыпчатый;Творог Село Зеленое 5% 200г;124,9;шт;200
творог рассыпчатый;Творог Му-у 9% 300г;143,9;шт;300
творог рассыпчатый;Творог Искренне Ваш 9% 180г;82,9;шт;180
творог рассыпчатый;Отруби Ого Пшеничные рассыпчатые 150г;19,9;шт;150
творог рассыпчатый;Творог Danone мягкий 5% 170г;52,9;шт;170
творог рассыпчатый;Творог Искренне Ваш 9% 500г;199,9;шт;500
творог рассыпчатый;Творог Киржачский МЗ 9% 450г;186,9;шт;450
творог рассыпчатый;Творог Вкуснотеево 9% 750г;289,9;шт;750
творог рассыпчатый;Творог Му-у 5% 300г;136,9;шт;300
творог рассыпчатый;Творог Домик в деревне 5% 170г;93,9;шт;170
творог рассыпчатый;Творог Савушкин Нежный 5% 125г;39,9;шт;125
творог рассыпчатый;Творог Вкуснотеево 9% 300г;144,9;шт;300
творог рассыпчатый;Творог Савушкин Нежный 0% 125г;35,9;шт;125
творог рассыпчатый;Творог Valio 9% 200г;133,9;шт;200
творог рассыпчатый;Творог Домик в деревне 0.1% 170г;44,9;шт;170
творог рассыпчатый;Творог детский Агуша Злаки 3.9% 2шт*100г;58,78;2шт;100
творог рассыпчатый;Творог Свитлогорье мягкий 4% 400г;128,9;шт;400
творог рассыпчатый;Творог Простоквашино 2% 180г;83,9;шт;180
творог рассыпчатый;Творог детский Агуша Черника 3.9% 100г;29,39;2 шт;100
творог рассыпчатый;Творог Углече Поле 9% 200г;203,9;шт;200
творог рассыпчатый;Творог Домик в деревне мягкий 5.5% 170г;59,9;шт;170
творог рассыпчатый;Фламиш с творогом и изюмом 90г;50;шт; 90
творог рассыпчатый;Творог Cream Nuvo 9% 380г;193,9;шт;380
творог рассыпчатый;Творог Cream Nuvo 5% 200г;99,9;шт;200
творог рассыпчатый;Творог зерненый Савушкин 5% 130г;59,9;шт;130
творог рассыпчатый;Творог детский Агуша Персик 3.9% 2шт*100г;58,78;2шт;100
творог рассыпчатый;Творог Домик в деревне Отборный 9% 340г;199,9;шт;340
творог рассыпчатый;Творог Карат Зерненый Домашний 4% 200г;75,9;шт;200
творог рассыпчатый;Творог Домик в деревне Отборный 9% 170г;97,9;шт;170
творог рассыпчатый;Творог детский Агуша Груша 3.9% с 6 месяцев 100г;58,78;2шт;100
творог рассыпчатый;Творог Киржачский 5% 450г;189,9;шт;450
творог рассыпчатый;Творог 101 зерно+сливки 5% 200г;89,9;шт;200
творог рассыпчатый;Творог Село Зеленое обезжиренный 0% 200г;114,9;шт;200
